{
  "statusCode": 200,
  "success": true,
  "result": {
    "status": 200,
    "data": [
      [117.018329,32.647574]
    ]
  }
}
